INDEX,P_TARGET_FLAG,P_TARGET_AMT,,
3,0.157182078,1865.30931,,
9,0.257414166,1512.44955,,
10,0.133178308,1415.09808,,
18,0.258071013,1466.12862,,
21,0.10171041,1512.44955,,
30,0.16967461,2015.46981,,
31,0.381887487,1461.43791,,
37,0.326258064,2015.46981,,
39,0.023570843,1512.44955,,
47,0.127606917,1461.43791,,
60,0.024710575,1512.44955,,
62,0.577985324,1512.44955,,
63,0.835711372,1461.43791,,
64,0.132592661,1512.44955,,
68,0.040041232,1512.44955,,
75,0.611287012,1415.09808,,
76,0.777904084,1461.43791,,
83,0.163629848,2015.46981,,
87,0.531665321,1461.43791,,
92,0.511655035,1415.09808,,
98,0.147007923,1865.30931,,
106,0.422416955,1461.43791,,
107,0.053093769,1512.44955,,
113,0.382390405,1415.09808,,
120,0.368271392,1415.09808,,
123,0.382732184,1415.09808,,
125,0.405675173,1466.12862,,
126,0.476666857,1415.09808,,
128,0.065362254,1415.09808,,
129,0.194887105,1865.30931,,
131,0.109478392,1415.09808,,
135,0.524231069,1865.30931,,
141,0.05466817,1512.44955,,
147,0.156435229,1865.30931,,
148,0.160215706,1415.09808,,
151,0.048381355,1415.09808,,
156,0.181223871,1512.44955,,
157,0.120103276,1466.12862,,
174,0.068027265,1466.12862,,
186,0.613320166,1415.09808,,
193,0.317332582,1466.12862,,
195,0.503231806,1415.09808,,
212,0.023071009,1865.30931,,
213,0.527759549,1461.43791,,
217,0.006269599,1512.44955,,
223,0.181604238,1466.12862,,
226,0.07219766,1415.09808,,
228,0.418149652,1865.30931,,
230,0.011951368,1466.12862,,
241,0.570675682,1415.09808,,
243,0.165261005,1466.12862,,
249,0.276447828,1461.43791,,
281,0.789834006,1466.12862,,
288,0.049657927,1512.44955,,
294,0.365125779,1466.12862,,
295,0.242778828,1512.44955,,
300,0.407075106,2015.46981,,
302,0.502644598,1415.09808,,
303,0.09147641,1466.12862,,
308,0.618094419,1415.09808,,
319,0.012012419,1415.09808,,
320,0.034743872,1415.09808,,
324,0.461188638,1865.30931,,
331,0.124359712,1512.44955,,
343,0.051048527,1512.44955,,
347,0.553291109,1461.43791,,
348,0.792625201,1415.09808,,
350,0.518806842,1512.44955,,
357,0.186959362,1415.09808,,
358,0.052611823,1415.09808,,
360,0.01882564,1512.44955,,
366,0.289484766,1512.44955,,
367,0.559265583,1415.09808,,
368,0.310858566,1466.12862,,
376,0.740285677,1466.12862,,
380,0.290635498,1415.09808,,
388,0.417120862,1415.09808,,
396,0.298242449,1512.44955,,
398,0.227153638,1512.44955,,
403,0.049310624,1415.09808,,
410,0.581190383,1415.09808,,
412,0.466005932,1415.09808,,
420,0.490786016,1466.12862,,
434,0.043965836,1865.30931,,
440,0.492513905,1466.12862,,
450,0.61439005,1865.30931,,
453,0.289228764,1865.30931,,
464,0.338769591,1466.12862,,
465,0.038111467,1512.44955,,
466,0.701291015,1461.43791,,
473,0.109067525,1865.30931,,
476,0.061894401,1461.43791,,
478,0.05729193,2015.46981,,
479,0.160157818,1415.09808,,
493,0.052280195,1865.30931,,
497,0.144081943,2015.46981,,
503,0.007166524,1512.44955,,
504,0.390831252,1461.43791,,
505,0.293620446,1865.30931,,
507,0.164096468,1466.12862,,
513,0.501853313,1415.09808,,
519,0.415777585,1865.30931,,
521,0.586730956,1466.12862,,
522,0.642080104,1865.30931,,
545,0.126124477,1512.44955,,
549,0.099434196,1512.44955,,
551,0.201151386,1466.12862,,
556,0.095833939,1466.12862,,
557,0.491564848,1415.09808,,
559,0.20255169,1512.44955,,
560,0.710655973,1415.09808,,
566,0.045985442,1512.44955,,
569,0.2106727,1415.09808,,
573,0.257612639,1415.09808,,
578,0.667771179,1415.09808,,
579,0.049627437,1461.43791,,
582,0.019382396,1512.44955,,
596,0.77384871,1461.43791,,
598,0.58776378,1512.44955,,
599,0.192598544,1415.09808,,
602,0.303740953,1461.43791,,
605,0.871803617,1466.12862,,
617,0.670226179,1415.09808,,
619,0.467827981,1415.09808,,
630,0.173687318,1865.30931,,
634,0.468493717,1512.44955,,
643,0.364047546,1466.12862,,
645,0.246389122,1461.43791,,
647,0.212503163,1415.09808,,
649,0.074869855,1512.44955,,
656,0.119876451,1415.09808,,
657,0.163175703,1466.12862,,
658,0.193893485,1466.12862,,
667,0.052949923,1466.12862,,
692,0.116193095,2015.46981,,
693,0.300554186,1512.44955,,
698,0.838467052,1466.12862,,
699,0.451092124,2015.46981,,
700,0.044083792,1865.30931,,
704,0.11445835,1461.43791,,
707,0.049851749,1466.12862,,
708,0.769769347,1461.43791,,
709,0.141906886,1512.44955,,
713,0.16181245,1466.12862,,
714,0.042628256,1512.44955,,
716,0.7135422,1461.43791,,
718,0.184065533,1466.12862,,
722,0.137420409,1512.44955,,
729,0.380366603,2015.46981,,
731,0.031977582,1512.44955,,
733,0.552287558,1415.09808,,
746,0.37217717,1512.44955,,
747,0.676030172,1461.43791,,
748,0.494059543,1415.09808,,
753,0.32042218,1461.43791,,
757,0.467773399,1512.44955,,
763,0.037194897,1512.44955,,
767,0.197973532,1466.12862,,
774,0.55799097,1512.44955,,
776,0.554686224,1512.44955,,
788,0.208419659,1415.09808,,
794,0.27670875,1466.12862,,
799,0.196918629,1415.09808,,
803,0.122526411,1466.12862,,
806,0.544498753,1865.30931,,
807,0.217654685,1415.09808,,
811,0.031925733,2015.46981,,
816,0.171633091,1512.44955,,
818,0.295078225,1415.09808,,
819,0.198247455,1865.30931,,
831,0.104188283,1512.44955,,
835,0.543406821,2015.46981,,
837,0.152208638,2015.46981,,
841,0.830200433,2015.46981,,
846,0.220462507,1466.12862,,
856,0.375226826,1415.09808,,
861,0.539392051,2015.46981,,
862,0.549316488,1466.12862,,
863,0.79080969,1461.43791,,
865,0.654821906,1415.09808,,
871,0.546226659,1512.44955,,
879,0.231012562,2015.46981,,
880,0.098721285,1466.12862,,
881,0.279166533,1466.12862,,
885,0.354135137,2015.46981,,
887,0.351557741,1415.09808,,
892,0.038587573,1865.30931,,
898,0.05219077,1512.44955,,
900,0.165164299,1512.44955,,
904,0.266908005,1865.30931,,
906,0.608906948,1415.09808,,
910,0.70625214,1461.43791,,
912,0.299763076,2015.46981,,
913,0.420066663,1512.44955,,
919,0.084002031,1512.44955,,
924,0.608396925,1461.43791,,
925,0.578802545,1461.43791,,
930,0.212784876,1865.30931,,
940,0.215959588,1461.43791,,
941,0.145967301,1415.09808,,
946,0.271379979,1865.30931,,
949,0.400570151,1415.09808,,
951,0.082219126,1512.44955,,
962,0.032628272,1512.44955,,
966,0.054884234,1466.12862,,
967,0.010545692,1415.09808,,
971,0.831511363,1466.12862,,
981,0.025467177,1512.44955,,
982,0.04586372,1512.44955,,
983,0.045992189,1415.09808,,
984,0.031573658,1466.12862,,
989,0.209620467,1512.44955,,
990,0.611049668,1415.09808,,
992,0.438320881,1415.09808,,
995,0.106452536,1461.43791,,
996,0.335590239,2015.46981,,
998,0.356022108,1461.43791,,
1001,0.06344072,1512.44955,,
1007,0.111346308,2015.46981,,
1008,0.060338022,2015.46981,,
1016,0.043945067,1466.12862,,
1022,0.052294715,1512.44955,,
1027,0.459407616,1512.44955,,
1032,0.336895674,1415.09808,,
1033,0.125070125,1512.44955,,
1041,0.262936935,1512.44955,,
1065,0.572077191,1512.44955,,
1074,0.406031687,1415.09808,,
1075,0.338583087,1865.30931,,
1081,0.185944313,1415.09808,,
1094,0.057489052,1512.44955,,
1099,0.068780017,1512.44955,,
1105,0.307467241,1512.44955,,
1123,0.082965497,1415.09808,,
1135,0.005985615,1461.43791,,
1142,0.250747287,1512.44955,,
1155,0.081499281,1512.44955,,
1169,0.015483885,1512.44955,,
1176,0.020838044,1865.30931,,
1178,0.57301016,1461.43791,,
1180,0.030978077,1512.44955,,
1184,0.112613756,1415.09808,,
1185,0.678767102,1512.44955,,
1193,0.231868547,1865.30931,,
1196,0.154690713,1512.44955,,
1199,0.429964729,1415.09808,,
1203,0.327722368,1415.09808,,
1205,0.419082027,1461.43791,,
1207,0.044951246,1415.09808,,
1208,0.52357154,1512.44955,,
1212,0.640032971,1461.43791,,
1213,0.694999486,1466.12862,,
1222,0.088804696,1512.44955,,
1223,0.285885282,1466.12862,,
1226,0.524475413,1415.09808,,
1227,0.225905013,1461.43791,,
1229,0.106444133,1466.12862,,
1230,0.359271436,1415.09808,,
1231,0.667999874,1461.43791,,
1241,0.06232258,1512.44955,,
1243,0.066254791,1461.43791,,
1244,0.095725803,2015.46981,,
1246,0.193088369,1415.09808,,
1248,0.155023369,1512.44955,,
1249,0.126554339,1512.44955,,
1252,0.081617936,1512.44955,,
1261,0.116761759,1415.09808,,
1275,0.098704308,1512.44955,,
1281,0.894344936,1865.30931,,
1285,0.434721098,1461.43791,,
1288,0.555348442,1415.09808,,
1290,0.055145511,1512.44955,,
1291,0.2963229,1415.09808,,
1304,0.693541741,1865.30931,,
1305,0.143230433,1865.30931,,
1323,0.241171515,2015.46981,,
1342,0.502188089,1415.09808,,
1348,0.213475313,1466.12862,,
1353,0.284530345,1415.09808,,
1363,0.196916278,1415.09808,,
1371,0.252891893,1512.44955,,
1372,0.208053626,2015.46981,,
1378,0.354793629,1461.43791,,
1381,0.283955365,1415.09808,,
1382,0.41125582,1415.09808,,
1393,0.56897849,1466.12862,,
1394,0.024288738,1512.44955,,
1398,0.331788685,1461.43791,,
1404,0.61701334,1466.12862,,
1405,0.66570157,1415.09808,,
1419,0.406892482,1461.43791,,
1421,0.131644738,1466.12862,,
1426,0.12932649,1415.09808,,
1431,0.503947364,1466.12862,,
1435,0.032041048,1512.44955,,
1437,0.406983429,1415.09808,,
1438,0.250000851,1865.30931,,
1442,0.509838953,1461.43791,,
1464,0.077918581,1512.44955,,
1471,0.311578505,1415.09808,,
1473,0.228426561,2015.46981,,
1476,0.069161723,1461.43791,,
1478,0.271473122,1466.12862,,
1479,0.44367826,1461.43791,,
1487,0.46402659,1461.43791,,
1492,0.361209219,1466.12862,,
1496,0.100704697,1512.44955,,
1497,0.655867422,1461.43791,,
1515,0.01599427,1466.12862,,
1519,0.249154779,1865.30931,,
1522,0.622870149,1466.12862,,
1526,0.481067025,1415.09808,,
1537,0.044050596,1512.44955,,
1538,0.898069349,1466.12862,,
1540,0.17702245,1415.09808,,
1543,0.202839102,1512.44955,,
1548,0.239773457,1415.09808,,
1549,0.103483785,1512.44955,,
1556,0.581330009,1466.12862,,
1564,0.012997002,1512.44955,,
1570,0.245183327,1512.44955,,
1577,0.627397305,1466.12862,,
1585,0.154640152,1466.12862,,
1590,0.210514614,1466.12862,,
1592,0.685144872,1461.43791,,
1594,0.384231532,1415.09808,,
1596,0.527329915,1415.09808,,
1598,0.309579012,1461.43791,,
1603,0.436287419,1415.09808,,
1607,0.337339653,1461.43791,,
1612,0.045650012,1466.12862,,
1627,0.041828056,1466.12862,,
1629,0.765141385,1415.09808,,
1630,0.128703552,1466.12862,,
1640,0.17256029,1512.44955,,
1641,0.274961732,1512.44955,,
1646,0.162773451,1461.43791,,
1662,0.568790523,1466.12862,,
1668,0.102635936,2015.46981,,
1671,0.03595344,1415.09808,,
1672,0.580227987,1466.12862,,
1673,0.416432898,1512.44955,,
1686,0.22743512,1415.09808,,
1688,0.737123909,1461.43791,,
1696,0.025498973,2015.46981,,
1701,0.034012913,1466.12862,,
1707,0.124173706,1512.44955,,
1708,0.091736477,1461.43791,,
1713,0.081932185,1415.09808,,
1715,0.181847317,1461.43791,,
1717,0.035193457,1415.09808,,
1721,0.23756549,1865.30931,,
1724,0.851956558,1466.12862,,
1725,0.73086818,1415.09808,,
1730,0.139453671,1415.09808,,
1731,0.604556876,1461.43791,,
1734,0.396123214,1466.12862,,
1740,0.155823214,1865.30931,,
1748,0.019407913,1512.44955,,
1749,0.090041024,1415.09808,,
1750,0.65806061,1415.09808,,
1763,0.240308917,1415.09808,,
1768,0.069185189,1415.09808,,
1773,0.563811733,1466.12862,,
1777,0.162443123,1512.44955,,
1778,0.443529908,1512.44955,,
1780,0.164944332,1415.09808,,
1782,0.419906316,1461.43791,,
1784,0.049731943,1461.43791,,
1786,0.155718471,1415.09808,,
1787,0.130771526,1415.09808,,
1792,0.229818991,2015.46981,,
1800,0.444557069,1865.30931,,
1801,0.207832552,1512.44955,,
1803,0.139025258,1415.09808,,
1804,0.562372498,1466.12862,,
1807,0.021300052,1512.44955,,
1818,0.156790229,2015.46981,,
1821,0.033800326,2015.46981,,
1822,0.082226537,1415.09808,,
1828,0.076112444,1466.12862,,
1833,0.237645072,1415.09808,,
1844,0.316039371,2015.46981,,
1847,0.490304013,1466.12862,,
1850,0.045791703,1512.44955,,
1854,0.267281839,1461.43791,,
1858,0.439344894,1865.30931,,
1864,0.142582646,1415.09808,,
1867,0.079300024,1512.44955,,
1876,0.717691994,1512.44955,,
1880,0.245060585,2015.46981,,
1881,0.08011672,1512.44955,,
1891,0.302190098,1415.09808,,
1894,0.188875338,2015.46981,,
1895,0.055564392,1415.09808,,
1901,0.454646317,1415.09808,,
1905,0.045294645,1415.09808,,
1912,0.436554272,1415.09808,,
1918,0.348045566,1512.44955,,
1921,0.419211182,1466.12862,,
1923,0.352109572,1461.43791,,
1924,0.162456648,1461.43791,,
1931,0.091625213,1512.44955,,
1941,0.058378917,1466.12862,,
1950,0.077884629,1466.12862,,
1951,0.194179301,1461.43791,,
1954,0.013153794,1512.44955,,
1961,0.157296229,1865.30931,,
1966,0.011171913,1512.44955,,
1979,0.137906411,1466.12862,,
1982,0.051464931,1512.44955,,
1987,0.824974164,1415.09808,,
1997,0.229046954,1865.30931,,
2004,0.022623638,1512.44955,,
2011,0.62682381,1466.12862,,
2015,0.42590744,1415.09808,,
2025,0.011791184,1466.12862,,
2033,0.396581334,1461.43791,,
2034,0.008360873,1512.44955,,
2035,0.139049087,1415.09808,,
2036,0.630646246,1461.43791,,
2053,0.650195095,1865.30931,,
2059,0.74850526,1415.09808,,
2060,0.030591906,1415.09808,,
2073,0.248982908,1512.44955,,
2084,0.331934991,1415.09808,,
2089,0.086635492,1415.09808,,
2092,0.294992045,1461.43791,,
2109,0.509976386,1466.12862,,
2129,0.390324566,1461.43791,,
2134,0.308739881,1415.09808,,
2135,0.026792933,1512.44955,,
2148,0.022848043,1512.44955,,
2149,0.02451717,1512.44955,,
2150,0.336154533,1466.12862,,
2165,0.612269541,1865.30931,,
2166,0.040978795,1865.30931,,
2168,0.049152447,1512.44955,,
2170,0.196418478,1415.09808,,
2171,0.196203219,1415.09808,,
2172,0.021430028,1466.12862,,
2176,0.127917645,1512.44955,,
2182,0.072656028,1415.09808,,
2189,0.150198566,1461.43791,,
2191,0.06196241,1512.44955,,
2197,0.027781961,1415.09808,,
2202,0.123708908,1461.43791,,
2203,0.141509049,1415.09808,,
2204,0.660983831,1415.09808,,
2206,0.69552238,1415.09808,,
2218,0.10367901,1466.12862,,
2219,0.162194311,1512.44955,,
2221,0.479453969,1512.44955,,
2226,0.115736721,1512.44955,,
2228,0.384448537,1415.09808,,
2232,0.559152736,1512.44955,,
2236,0.23544218,1512.44955,,
2241,0.762191125,1466.12862,,
2245,0.031894949,1512.44955,,
2251,0.436247449,1461.43791,,
2255,0.035752212,1466.12862,,
2256,0.013156551,1512.44955,,
2259,0.017132102,1512.44955,,
2263,0.417422584,1512.44955,,
2264,0.035431991,1512.44955,,
2267,0.126550791,1512.44955,,
2273,0.779504216,1466.12862,,
2277,0.72575727,1415.09808,,
2287,0.209577894,1466.12862,,
2289,0.291278554,1461.43791,,
2291,0.096006482,1512.44955,,
2296,0.848314298,1466.12862,,
2299,0.118664806,2015.46981,,
2306,0.056891412,1415.09808,,
2314,0.200091226,1466.12862,,
2317,0.012014097,1461.43791,,
2318,0.763586366,2015.46981,,
2321,0.843922458,1415.09808,,
2324,0.028844781,1415.09808,,
2340,0.416380301,1415.09808,,
2343,0.041433722,1512.44955,,
2349,0.280213182,1512.44955,,
2352,0.205642046,2015.46981,,
2353,0.330387389,1466.12862,,
2365,0.865557661,1461.43791,,
2370,0.69113953,1461.43791,,
2378,0.136292626,1512.44955,,
2390,0.503874874,1415.09808,,
2399,0.288857003,1512.44955,,
2402,0.709487347,1512.44955,,
2403,0.473157845,1415.09808,,
2404,0.071813458,1512.44955,,
2414,0.093195963,1512.44955,,
2422,0.283622706,1466.12862,,
2424,0.088596906,2015.46981,,
2430,0.615085094,1415.09808,,
2435,0.363948228,1512.44955,,
2439,0.065989737,1466.12862,,
2442,0.395877144,1466.12862,,
2445,0.223494303,1512.44955,,
2449,0.312065006,2015.46981,,
2451,0.361548047,1415.09808,,
2461,0.715717223,1415.09808,,
2464,0.128828194,1512.44955,,
2465,0.561986991,1466.12862,,
2472,0.049429271,1466.12862,,
2476,0.359347494,1512.44955,,
2482,0.202829724,1415.09808,,
2487,0.156709436,1415.09808,,
2498,0.286828829,1415.09808,,
2501,0.056382835,1466.12862,,
2504,0.331260126,1415.09808,,
2511,0.302207612,1512.44955,,
2518,0.024325796,1512.44955,,
2521,0.165729085,1466.12862,,
2530,0.081972054,1512.44955,,
2543,0.617676265,2015.46981,,
2545,0.426555144,1461.43791,,
2561,0.383387641,2015.46981,,
2566,0.584372615,1865.30931,,
2572,0.222159631,1512.44955,,
2577,0.164953554,1512.44955,,
2578,0.172288439,2015.46981,,
2580,0.270791621,1512.44955,,
2581,0.169066053,1512.44955,,
2582,0.056964987,1512.44955,,
2584,0.04128672,1512.44955,,
2590,0.025013579,1865.30931,,
2598,0.007586302,1512.44955,,
2602,0.151249627,1512.44955,,
2605,0.01105778,1512.44955,,
2616,0.216588129,1415.09808,,
2618,0.213452301,1512.44955,,
2619,0.296529834,1865.30931,,
2624,0.039557487,1512.44955,,
2632,0.178996928,1865.30931,,
2640,0.269033847,1512.44955,,
2646,0.01444052,1415.09808,,
2651,0.117416393,1865.30931,,
2660,0.02148548,1415.09808,,
2661,0.043026009,1466.12862,,
2668,0.083091832,1415.09808,,
2670,0.462512596,1415.09808,,
2680,0.431886123,1512.44955,,
2681,0.016135065,1512.44955,,
2689,0.246077398,1512.44955,,
2694,0.054081242,1512.44955,,
2695,0.818468791,1415.09808,,
2696,0.511241889,1865.30931,,
2702,0.034941774,1415.09808,,
2704,0.126931432,1466.12862,,
2708,0.095465009,2015.46981,,
2709,0.053074784,1415.09808,,
2714,0.473415211,1466.12862,,
2716,0.092606182,1512.44955,,
2723,0.091463801,1466.12862,,
2725,0.418278021,1415.09808,,
2738,0.07609536,1415.09808,,
2750,0.393884746,1865.30931,,
2756,0.389942581,1466.12862,,
2758,0.058820202,1415.09808,,
2766,0.342761779,1461.43791,,
2767,0.372197468,1415.09808,,
2771,0.262467156,1512.44955,,
2775,0.323230887,1512.44955,,
2776,0.142728509,1865.30931,,
2779,0.945540572,1461.43791,,
2780,0.369902738,1466.12862,,
2781,0.347985489,1461.43791,,
2782,0.481192811,1415.09808,,
2783,0.123971566,1512.44955,,
2796,0.26981149,1512.44955,,
2798,0.270992494,1466.12862,,
2800,0.084625002,1512.44955,,
2803,0.071868063,1415.09808,,
2806,0.003683265,1512.44955,,
2813,0.12969345,1461.43791,,
2818,0.095391722,1461.43791,,
2821,0.49780847,1461.43791,,
2825,0.223625666,1466.12862,,
2829,0.038343771,1415.09808,,
2830,0.571244165,1512.44955,,
2833,0.098747978,1865.30931,,
2839,0.849636818,1512.44955,,
2843,0.043955325,2015.46981,,
2846,0.066234536,1512.44955,,
2847,0.092004938,1512.44955,,
2848,0.157747292,1461.43791,,
2856,0.765041478,1512.44955,,
2863,0.448754866,1461.43791,,
2867,0.441656239,1415.09808,,
2869,0.148477425,1415.09808,,
2873,0.007281504,1512.44955,,
2874,0.523763035,1415.09808,,
2875,0.447027947,1461.43791,,
2880,0.63346705,1466.12862,,
2886,0.58306694,1466.12862,,
2887,0.387868254,1466.12862,,
2888,0.24698734,1512.44955,,
2889,0.725607537,1415.09808,,
2890,0.547660581,1415.09808,,
2892,0.219894983,1512.44955,,
2901,0.164259653,1466.12862,,
2902,0.149833593,1512.44955,,
2905,0.303853818,2015.46981,,
2917,0.402320834,1461.43791,,
2922,0.519864967,1865.30931,,
2924,0.110255156,1461.43791,,
2930,0.152267268,2015.46981,,
2931,0.092333304,2015.46981,,
2946,0.096576708,1466.12862,,
2955,0.334578114,1512.44955,,
2962,0.013384895,1512.44955,,
2964,0.020932187,1865.30931,,
2965,0.456210762,1466.12862,,
2967,0.024481548,1512.44955,,
2970,0.054525209,1512.44955,,
2973,0.526305829,1466.12862,,
2974,0.187742257,2015.46981,,
2976,0.726600881,1466.12862,,
2977,0.202466168,1415.09808,,
2978,0.189701388,1512.44955,,
2986,0.091706272,1461.43791,,
2988,0.307466075,1415.09808,,
2989,0.130629445,1415.09808,,
2995,0.709148556,2015.46981,,
3005,0.554627072,1466.12862,,
3011,0.090545028,1415.09808,,
3013,0.025145985,1512.44955,,
3019,0.436103255,1466.12862,,
3021,0.025379473,1512.44955,,
3022,0.391092449,1466.12862,,
3029,0.130998298,1461.43791,,
3037,0.157050347,1415.09808,,
3042,0.250429197,1466.12862,,
3043,0.17999852,2015.46981,,
3049,0.104691122,2015.46981,,
3050,0.714879674,1466.12862,,
3053,0.222484546,1466.12862,,
3058,0.254680798,1865.30931,,
3062,0.217185712,1512.44955,,
3063,0.276383223,1865.30931,,
3065,0.035458352,1415.09808,,
3080,0.05571444,1415.09808,,
3088,0.224410703,2015.46981,,
3093,0.378560434,1415.09808,,
3096,0.393327306,2015.46981,,
3101,0.301953031,1865.30931,,
3103,0.358297462,1512.44955,,
3107,0.317802091,1415.09808,,
3109,0.031953914,2015.46981,,
3111,0.080955401,1466.12862,,
3113,0.820083906,1466.12862,,
3116,0.005941777,1512.44955,,
3132,0.191231608,1466.12862,,
3141,0.190836891,1415.09808,,
3153,0.304096328,2015.46981,,
3154,0.024918423,1512.44955,,
3160,0.176591689,1512.44955,,
3167,0.080264926,1466.12862,,
3170,0.423814619,1415.09808,,
3173,0.455746232,1415.09808,,
3174,0.276146288,1415.09808,,
3177,0.192100309,1865.30931,,
3179,0.215941176,1512.44955,,
3184,0.489287683,1466.12862,,
3190,0.277656895,2015.46981,,
3193,0.068364978,1512.44955,,
3199,0.356137566,1461.43791,,
3201,0.063104397,1461.43791,,
3202,0.205950358,1865.30931,,
3203,0.571483622,1415.09808,,
3206,0.516207827,1512.44955,,
3209,0.051221834,1415.09808,,
3210,0.489933355,1466.12862,,
3217,0.225059265,1466.12862,,
3220,0.117269309,1461.43791,,
3228,0.42052298,1512.44955,,
3232,0.022711578,1512.44955,,
3239,0.136763823,2015.46981,,
3243,0.416588283,1466.12862,,
3245,0.137943212,1865.30931,,
3246,0.480259085,1466.12862,,
3251,0.054159606,1512.44955,,
3253,0.260643495,1512.44955,,
3257,0.094929669,1461.43791,,
3260,0.011029161,1512.44955,,
3261,0.253849064,1466.12862,,
3263,0.319312464,1461.43791,,
3278,0.205308796,2015.46981,,
3281,0.06719796,1512.44955,,
3283,0.084902132,1466.12862,,
3290,0.018083572,1461.43791,,
3297,0.371217115,1466.12862,,
3304,0.057334427,1415.09808,,
3305,0.48578423,1466.12862,,
3307,0.064536214,1461.43791,,
3308,0.379841242,2015.46981,,
3313,0.298841755,1415.09808,,
3314,0.184095493,1512.44955,,
3317,0.118312212,1865.30931,,
3348,0.065864499,1466.12862,,
3350,0.26613905,1461.43791,,
3359,0.042656775,1415.09808,,
3367,0.064882409,1466.12862,,
3376,0.107848425,1512.44955,,
3378,0.314871599,1865.30931,,
3384,0.766923937,1415.09808,,
3386,0.084206172,1466.12862,,
3387,0.100008703,1466.12862,,
3388,0.134142817,1461.43791,,
3390,0.034381091,1461.43791,,
3391,0.313569801,1415.09808,,
3396,0.168699537,1466.12862,,
3398,0.031722525,1415.09808,,
3404,0.02483239,1512.44955,,
3406,0.024552404,2015.46981,,
3407,0.051211648,1466.12862,,
3414,0.04898293,1512.44955,,
3419,0.141932937,1415.09808,,
3423,0.653118648,1415.09808,,
3427,0.061537693,1466.12862,,
3432,0.048573741,1512.44955,,
3434,0.035356959,1512.44955,,
3438,0.025372067,1512.44955,,
3442,0.160711876,1466.12862,,
3443,0.052971085,1512.44955,,
3448,0.04519655,1415.09808,,
3456,0.096563526,1466.12862,,
3464,0.131331934,1512.44955,,
3470,0.756599479,1461.43791,,
3475,0.483122083,1415.09808,,
3477,0.377437212,1466.12862,,
3490,0.062305609,1415.09808,,
3493,0.342707459,1466.12862,,
3502,0.576010735,1512.44955,,
3508,0.039873981,1415.09808,,
3516,0.122434112,1415.09808,,
3517,0.316863805,1461.43791,,
3525,0.190989473,1466.12862,,
3532,0.766910561,1461.43791,,
3535,0.352768685,1415.09808,,
3536,0.758629188,1415.09808,,
3540,0.107087487,1415.09808,,
3547,0.35907743,1865.30931,,
3550,0.525768672,1466.12862,,
3557,0.660948614,1466.12862,,
3562,0.135323757,1865.30931,,
3563,0.073628065,1461.43791,,
3564,0.237332936,1415.09808,,
3570,0.114798766,1466.12862,,
3573,0.414650112,1512.44955,,
3577,0.59873391,1415.09808,,
3579,0.597567878,1415.09808,,
3581,0.083086395,1512.44955,,
3587,0.250714612,1415.09808,,
3602,0.378135882,1415.09808,,
3609,0.306998008,1466.12862,,
3612,0.132531095,1466.12862,,
3621,0.425793776,1415.09808,,
3642,0.17394023,2015.46981,,
3647,0.71967192,1415.09808,,
3649,0.385966607,1512.44955,,
3654,0.512922572,1512.44955,,
3660,0.52854487,1466.12862,,
3665,0.667525337,1466.12862,,
3669,0.382618317,1415.09808,,
3673,0.212370871,1865.30931,,
3675,0.441581941,2015.46981,,
3678,0.10328275,1415.09808,,
3680,0.429116137,1415.09808,,
3686,0.584793772,1466.12862,,
3693,0.27391087,1865.30931,,
3710,0.603737857,1466.12862,,
3713,0.034542733,1415.09808,,
3718,0.363367522,1415.09808,,
3725,0.080493847,1415.09808,,
3726,0.309187132,1415.09808,,
3747,0.12952357,2015.46981,,
3753,0.022426767,1415.09808,,
3754,0.293441152,1415.09808,,
3760,0.826546386,1865.30931,,
3763,0.032687615,1512.44955,,
3765,0.288942552,1512.44955,,
3769,0.222415609,1466.12862,,
3771,0.469735983,1865.30931,,
3784,0.059145179,1461.43791,,
3787,0.133558149,1512.44955,,
3794,0.312149605,1415.09808,,
3796,0.058642475,1865.30931,,
3798,0.056856627,1512.44955,,
3809,0.149221989,1512.44955,,
3812,0.256442902,2015.46981,,
3819,0.279150917,1865.30931,,
3828,0.22252757,1415.09808,,
3831,0.249059153,1461.43791,,
3833,0.111075771,1512.44955,,
3837,0.803774733,1415.09808,,
3839,0.621957743,1466.12862,,
3843,0.450302933,1415.09808,,
3846,0.088606117,1865.30931,,
3854,0.051332694,1466.12862,,
3861,0.055212717,1415.09808,,
3864,0.384740981,1466.12862,,
3868,0.048636065,1512.44955,,
3869,0.125048833,1415.09808,,
3870,0.196063424,1512.44955,,
3883,0.176024333,1512.44955,,
3886,0.04541304,1415.09808,,
3889,0.375767775,1466.12862,,
3894,0.36262848,1865.30931,,
3907,0.034471543,1415.09808,,
3910,0.075132427,1415.09808,,
3913,0.027994805,1415.09808,,
3914,0.317811236,1461.43791,,
3921,0.262146737,1466.12862,,
3923,0.02325571,1512.44955,,
3929,0.547082815,1466.12862,,
3931,0.543033293,1466.12862,,
3932,0.339791695,1461.43791,,
3937,0.605044416,1415.09808,,
3943,0.308796481,1512.44955,,
3956,0.447385614,1512.44955,,
3957,0.53528065,1461.43791,,
3961,0.629019983,1466.12862,,
3971,0.164165531,1461.43791,,
4004,0.208743499,1415.09808,,
4005,0.046975076,1512.44955,,
4006,0.007653596,2015.46981,,
4011,0.120954914,1512.44955,,
4013,0.100337404,1415.09808,,
4014,0.060187605,1415.09808,,
4016,0.486903014,1512.44955,,
4017,0.019207498,1415.09808,,
4020,0.065757772,1466.12862,,
4022,0.095729415,2015.46981,,
4026,0.152558268,1512.44955,,
4032,0.156097824,2015.46981,,
4043,0.077975909,1415.09808,,
4045,0.288648852,1466.12862,,
4048,0.084724405,1512.44955,,
4051,0.111595584,1461.43791,,
4052,0.232340265,1461.43791,,
4056,0.038813876,1461.43791,,
4059,0.044362673,1512.44955,,
4069,0.039940432,1415.09808,,
4074,0.485603435,1461.43791,,
4076,0.215386942,2015.46981,,
4077,0.64469119,1865.30931,,
4079,0.779394588,1466.12862,,
4081,0.602542711,1415.09808,,
4088,0.146854852,1415.09808,,
4105,0.09664867,1512.44955,,
4125,0.178411597,1466.12862,,
4134,0.551336308,1466.12862,,
4139,0.003931599,1512.44955,,
4146,0.051940396,1415.09808,,
4149,0.127030012,1865.30931,,
4151,0.777067391,1415.09808,,
4155,0.128519466,1512.44955,,
4157,0.126991747,1865.30931,,
4168,0.523344404,1415.09808,,
4170,0.190860055,1466.12862,,
4174,0.077870873,1466.12862,,
4179,0.377953241,1461.43791,,
4185,0.120639234,1415.09808,,
4199,0.612508476,1415.09808,,
4205,0.087178071,1415.09808,,
4208,0.023836976,1415.09808,,
4211,0.655079512,1461.43791,,
4212,0.049737329,1512.44955,,
4215,0.7093848,1865.30931,,
4217,0.126281258,1466.12862,,
4219,0.88536926,1461.43791,,
4226,0.597473502,1415.09808,,
4227,0.439320661,1461.43791,,
4229,0.037179398,1466.12862,,
4231,0.104200727,1512.44955,,
4233,0.009011214,1415.09808,,
4237,0.447151303,1461.43791,,
4243,0.43599453,1415.09808,,
4248,0.117329869,1466.12862,,
4255,0.083294073,1415.09808,,
4262,0.032816935,1512.44955,,
4266,0.600337058,1415.09808,,
4268,0.285039525,1415.09808,,
4270,0.708402806,1415.09808,,
4273,0.037122293,1512.44955,,
4276,0.055722528,2015.46981,,
4277,0.164351384,2015.46981,,
4279,0.23882674,1466.12862,,
4299,0.100854558,1512.44955,,
4313,0.03419509,1865.30931,,
4322,0.044129157,1466.12862,,
4324,0.054429906,1466.12862,,
4328,0.319411311,1415.09808,,
4331,0.301585302,1512.44955,,
4335,0.038928227,1466.12862,,
4337,0.453326174,1415.09808,,
4338,0.360101035,2015.46981,,
4343,0.080082039,1415.09808,,
4347,0.08806432,1512.44955,,
4355,0.752073078,1415.09808,,
4357,0.003827589,1865.30931,,
4359,0.032176927,1512.44955,,
4362,0.123752705,1415.09808,,
4368,0.549983208,1415.09808,,
4374,0.078170457,1865.30931,,
4375,0.528274301,1466.12862,,
4378,0.511260092,1415.09808,,
4381,0.775590058,1415.09808,,
4387,0.146335479,1512.44955,,
4400,0.024902296,1512.44955,,
4423,0.179827592,1415.09808,,
4424,0.042461455,1461.43791,,
4428,0.48406558,1461.43791,,
4433,0.680627342,2015.46981,,
4436,0.528573242,1461.43791,,
4437,0.224197574,1512.44955,,
4439,0.341322956,1466.12862,,
4449,0.264625956,1415.09808,,
4456,0.082956015,2015.46981,,
4463,0.069862302,1466.12862,,
4467,0.076337425,1512.44955,,
4468,0.051746084,1512.44955,,
4469,0.030860526,1512.44955,,
4472,0.130996327,2015.46981,,
4473,0.024367963,1512.44955,,
4476,0.751816067,1415.09808,,
4500,0.01939649,1512.44955,,
4509,0.186333231,1512.44955,,
4513,0.89481172,1461.43791,,
4521,0.018205905,1461.43791,,
4527,0.483194782,1415.09808,,
4530,0.231417632,1415.09808,,
4532,0.555435894,1466.12862,,
4533,0.095016069,1415.09808,,
4535,0.392444197,1461.43791,,
4536,0.387920384,1512.44955,,
4542,0.304286176,1466.12862,,
4551,0.716832738,1461.43791,,
4554,0.097365734,1466.12862,,
4555,0.622069782,1461.43791,,
4564,0.20280738,1415.09808,,
4572,0.453518767,1461.43791,,
4573,0.087066106,2015.46981,,
4577,0.336274856,1415.09808,,
4579,0.217350997,1466.12862,,
4583,0.103982286,1512.44955,,
4584,0.377903435,1415.09808,,
4596,0.057235821,1466.12862,,
4599,0.198648556,1461.43791,,
4607,0.402604031,1415.09808,,
4609,0.452039121,1461.43791,,
4610,0.045730877,1512.44955,,
4616,0.488268685,1461.43791,,
4617,0.328052605,1865.30931,,
4633,0.265462615,1415.09808,,
4638,0.259930117,2015.46981,,
4641,0.035829369,1865.30931,,
4653,0.613771747,1461.43791,,
4655,0.341323134,2015.46981,,
4659,0.396340303,1415.09808,,
4669,0.080440915,1466.12862,,
4678,0.062137604,1512.44955,,
4685,0.648166494,1865.30931,,
4686,0.211940326,1461.43791,,
4691,0.261719272,1865.30931,,
4695,0.082001059,1512.44955,,
4698,0.131153976,1415.09808,,
4700,0.656718313,1461.43791,,
4711,0.077270384,1512.44955,,
4722,0.034382022,1415.09808,,
4727,0.518761185,1461.43791,,
4756,0.009428005,1512.44955,,
4762,0.283854927,1512.44955,,
4763,0.334004551,1865.30931,,
4766,0.101946832,1512.44955,,
4770,0.085570496,1512.44955,,
4784,0.320219038,1512.44955,,
4791,0.101161236,1415.09808,,
4795,0.050471834,1512.44955,,
4799,0.603778799,1415.09808,,
4802,0.515929279,1415.09808,,
4805,0.571947591,1512.44955,,
4814,0.614982053,1466.12862,,
4816,0.254775844,1466.12862,,
4817,0.071601965,1466.12862,,
4822,0.333129858,1512.44955,,
4827,0.578187689,1865.30931,,
4833,0.153554154,2015.46981,,
4836,0.01523474,1512.44955,,
4842,0.241037084,1865.30931,,
4844,0.072602922,1512.44955,,
4845,0.364297812,1466.12862,,
4849,0.296027735,1415.09808,,
4850,0.313824356,1512.44955,,
4860,0.043554535,1466.12862,,
4863,0.270592699,1415.09808,,
4871,0.135685636,1461.43791,,
4878,0.369472134,1415.09808,,
4881,0.575675282,1461.43791,,
4888,0.546738659,1415.09808,,
4900,0.332107553,1415.09808,,
4906,0.46350678,1415.09808,,
4909,0.015022181,2015.46981,,
4916,0.121831041,1466.12862,,
4918,0.363324879,1466.12862,,
4926,0.395588049,1415.09808,,
4928,0.084803196,1415.09808,,
4941,0.412055742,1512.44955,,
4946,0.093608677,1415.09808,,
4949,0.077078078,1512.44955,,
4956,0.038616449,1512.44955,,
4966,0.043060993,1512.44955,,
4969,0.430101278,1415.09808,,
4973,0.119809748,1865.30931,,
4978,0.44054942,1461.43791,,
4982,0.298273696,1415.09808,,
4985,0.028182588,1512.44955,,
4991,0.167340882,2015.46981,,
4998,0.030456857,1512.44955,,
5000,0.577484078,2015.46981,,
5004,0.440067958,1512.44955,,
5005,0.620654701,1415.09808,,
5011,0.738652582,1461.43791,,
5016,0.631296824,1461.43791,,
5018,0.076461492,1512.44955,,
5034,0.117024578,1461.43791,,
5038,0.03163395,1512.44955,,
5042,0.071174001,1512.44955,,
5046,0.076388249,1466.12862,,
5051,0.197953844,1512.44955,,
5054,0.134867003,1466.12862,,
5057,0.206364955,1415.09808,,
5062,0.048099582,1415.09808,,
5063,0.037027526,1466.12862,,
5065,0.082992112,1466.12862,,
5066,0.090942107,1865.30931,,
5076,0.194177989,2015.46981,,
5089,0.156325601,1415.09808,,
5092,0.503084664,1415.09808,,
5093,0.641304312,1415.09808,,
5094,0.028155881,1415.09808,,
5098,0.726572337,1461.43791,,
5102,0.037756471,1512.44955,,
5112,0.25986526,2015.46981,,
5117,0.443880398,2015.46981,,
5127,0.533465703,1466.12862,,
5130,0.231434734,2015.46981,,
5131,0.506015615,1415.09808,,
5132,0.591697527,1865.30931,,
5135,0.753065514,1512.44955,,
5136,0.022868722,1466.12862,,
5147,0.519526646,1865.30931,,
5157,0.086177162,1512.44955,,
5160,0.249078173,1415.09808,,
5165,0.016703932,1512.44955,,
5166,0.410506077,1415.09808,,
5172,0.537319078,1512.44955,,
5173,0.170099542,1415.09808,,
5179,0.83520618,1512.44955,,
5184,0.528692984,1865.30931,,
5187,0.059098998,1512.44955,,
5191,0.062440868,1466.12862,,
5193,0.194649298,2015.46981,,
5194,0.12801889,2015.46981,,
5199,0.219351063,1512.44955,,
5212,0.024982296,1512.44955,,
5213,0.563776232,1466.12862,,
5224,0.312365459,1415.09808,,
5226,0.150269319,1415.09808,,
5239,0.210529138,1466.12862,,
5252,0.775575888,1466.12862,,
5264,0.139615659,1461.43791,,
5266,0.01828884,1415.09808,,
5271,0.027592862,1461.43791,,
5273,0.043561461,1461.43791,,
5276,0.73213924,1466.12862,,
5278,0.046583002,1865.30931,,
5281,0.604371347,1415.09808,,
5283,0.609804081,1512.44955,,
5291,0.060895133,1415.09808,,
5294,0.368947756,1415.09808,,
5296,0.565938353,1461.43791,,
5297,0.853342937,1466.12862,,
5313,0.027799808,1466.12862,,
5314,0.228542293,1466.12862,,
5321,0.200744145,1415.09808,,
5325,0.010119402,1512.44955,,
5326,0.137012692,1865.30931,,
5328,0.014559141,1865.30931,,
5334,0.157014728,1512.44955,,
5338,0.420625766,1415.09808,,
5344,0.251769428,1466.12862,,
5348,0.137083718,1512.44955,,
5352,0.174688612,1512.44955,,
5353,0.068631716,1415.09808,,
5354,0.373437703,1415.09808,,
5361,0.842406497,1512.44955,,
5364,0.018232765,1512.44955,,
5365,0.081711631,1415.09808,,
5367,0.498321771,1461.43791,,
5379,0.440631224,1415.09808,,
5382,0.446406759,2015.46981,,
5386,0.293072726,1415.09808,,
5395,0.066333163,1865.30931,,
5410,0.169629224,1865.30931,,
5411,0.203481186,1461.43791,,
5416,0.512146573,1415.09808,,
5424,0.734675815,1466.12862,,
5426,0.225830859,2015.46981,,
5428,0.221749262,1461.43791,,
5430,0.311789297,1415.09808,,
5433,0.219471564,1415.09808,,
5437,0.005173271,1512.44955,,
5440,0.238766793,1415.09808,,
5442,0.849842832,1466.12862,,
5445,0.457728627,1512.44955,,
5449,0.125630914,1415.09808,,
5452,0.510713162,1415.09808,,
5460,0.60259533,1466.12862,,
5461,0.044805926,1512.44955,,
5465,0.100807599,1512.44955,,
5467,0.094109367,1415.09808,,
5471,0.255803994,1466.12862,,
5474,0.560674878,2015.46981,,
5475,0.031273012,1512.44955,,
5480,0.048412132,1512.44955,,
5481,0.153371179,1512.44955,,
5484,0.105332833,1415.09808,,
5494,0.106190224,2015.46981,,
5495,0.760585266,1512.44955,,
5497,0.066182976,1415.09808,,
5499,0.514160879,1466.12862,,
5507,0.035347984,2015.46981,,
5510,0.099223633,1415.09808,,
5515,0.135637311,1415.09808,,
5516,0.064554322,1512.44955,,
5517,0.204485054,1865.30931,,
5524,0.068065992,1512.44955,,
5530,0.151032647,1415.09808,,
5534,0.297527654,1415.09808,,
5543,0.445506936,2015.46981,,
5545,0.490179834,1466.12862,,
5558,0.144691005,1466.12862,,
5562,0.149849252,2015.46981,,
5573,0.762713033,1865.30931,,
5581,0.170375874,1415.09808,,
5583,0.436996819,1865.30931,,
5587,0.556220141,1512.44955,,
5589,0.832802772,1415.09808,,
5591,0.159967874,1461.43791,,
5596,0.316056711,1461.43791,,
5606,0.77560688,1466.12862,,
5608,0.220661536,1512.44955,,
5611,0.074988818,1415.09808,,
5612,0.234167183,1865.30931,,
5614,0.269136448,1512.44955,,
5620,0.017715807,1512.44955,,
5623,0.103251111,1512.44955,,
5624,0.0910742,1512.44955,,
5626,0.251790038,1415.09808,,
5633,0.133054317,1461.43791,,
5635,0.043422162,1415.09808,,
5640,0.489359778,1466.12862,,
5643,0.082681475,1466.12862,,
5644,0.444900323,1461.43791,,
5653,0.353645752,1865.30931,,
5663,0.021706247,1461.43791,,
5664,0.630630671,1466.12862,,
5667,0.356473602,1865.30931,,
5671,0.490176259,1466.12862,,
5673,0.583728554,1865.30931,,
5676,0.07334644,1466.12862,,
5678,0.088666603,1466.12862,,
5698,0.233674144,1512.44955,,
5700,0.028496677,1512.44955,,
5705,0.30579456,1415.09808,,
5706,0.771686074,1461.43791,,
5711,0.040649683,1415.09808,,
5712,0.894063555,1461.43791,,
5716,0.332711827,1512.44955,,
5719,0.35270472,2015.46981,,
5725,0.844278916,1461.43791,,
5728,0.070835397,1415.09808,,
5734,0.062324303,1415.09808,,
5735,0.058141822,1461.43791,,
5743,0.238907182,1865.30931,,
5754,0.184843784,1415.09808,,
5755,0.332315718,1865.30931,,
5756,0.098466346,1461.43791,,
5766,0.019120897,1512.44955,,
5770,0.578621959,1461.43791,,
5774,0.236394638,1512.44955,,
5775,0.02179355,1415.09808,,
5776,0.196300621,1865.30931,,
5778,0.035585983,1415.09808,,
5786,0.533811541,1461.43791,,
5787,0.381119008,1512.44955,,
5791,0.216813041,1512.44955,,
5794,0.268197886,1466.12862,,
5803,0.216033172,1415.09808,,
5804,0.223531381,1512.44955,,
5808,0.118113738,1415.09808,,
5810,0.021556564,1512.44955,,
5813,0.722900678,1461.43791,,
5828,0.13755784,1512.44955,,
5839,0.24416244,1512.44955,,
5842,0.397646307,1512.44955,,
5843,0.028132705,1415.09808,,
5844,0.238728531,1466.12862,,
5847,0.631024264,2015.46981,,
5851,0.018428173,1512.44955,,
5854,0.052667674,1461.43791,,
5857,0.013941932,1512.44955,,
5866,0.592768859,1461.43791,,
5874,0.441068592,1461.43791,,
5886,0.059057873,1415.09808,,
5895,0.073779663,1415.09808,,
5897,0.058189113,1415.09808,,
5898,0.246048211,1415.09808,,
5900,0.659703127,1415.09808,,
5902,0.392341612,1512.44955,,
5908,0.815535564,1415.09808,,
5909,0.015784136,1512.44955,,
5912,0.027238498,1415.09808,,
5913,0.07173972,1865.30931,,
5917,0.347814058,1466.12862,,
5918,0.564018419,1512.44955,,
5921,0.165561681,1865.30931,,
5931,0.289483846,1415.09808,,
5942,0.380249159,1415.09808,,
5943,0.710603137,1466.12862,,
5950,0.0240211,1512.44955,,
5954,0.006403859,1512.44955,,
5983,0.016089118,1512.44955,,
5995,0.723963944,1461.43791,,
6002,0.123355358,1466.12862,,
6005,0.036264112,1415.09808,,
6009,0.220283882,1415.09808,,
6011,0.004827855,1466.12862,,
6012,0.013326046,1512.44955,,
6019,0.218604962,1415.09808,,
6021,0.211294097,1466.12862,,
6029,0.706534878,1415.09808,,
6036,0.3910271,1512.44955,,
6037,0.004509459,1512.44955,,
6038,0.033632755,1415.09808,,
6043,0.047057223,1466.12862,,
6045,0.161856807,1865.30931,,
6047,0.712392225,1415.09808,,
6048,0.026171374,1466.12862,,
6061,0.404814049,2015.46981,,
6063,0.204116332,1461.43791,,
6064,0.070391834,1415.09808,,
6068,0.670701833,1415.09808,,
6069,0.038840306,1865.30931,,
6070,0.422893401,2015.46981,,
6071,0.212328728,1415.09808,,
6074,0.229161543,1512.44955,,
6079,0.34627997,1466.12862,,
6082,0.019569184,1512.44955,,
6088,0.799362046,1512.44955,,
6094,0.077114522,1865.30931,,
6095,0.274486201,1466.12862,,
6098,0.407886702,1466.12862,,
6102,0.024719124,1461.43791,,
6105,0.52001478,1415.09808,,
6113,0.08831597,1512.44955,,
6116,0.280349488,1512.44955,,
6120,0.251002492,1865.30931,,
6121,0.384128425,1466.12862,,
6126,0.300928631,2015.46981,,
6144,0.120327221,1512.44955,,
6145,0.038930639,1466.12862,,
6153,0.331176531,2015.46981,,
6156,0.141801352,1865.30931,,
6159,0.240493009,1512.44955,,
6162,0.048565686,1512.44955,,
6184,0.708046178,1415.09808,,
6188,0.369391526,2015.46981,,
6189,0.198648017,1512.44955,,
6191,0.426951887,1415.09808,,
6211,0.373822182,1466.12862,,
6216,0.20123452,1415.09808,,
6218,0.62244047,1415.09808,,
6222,0.219118972,1466.12862,,
6235,0.255266029,1512.44955,,
6245,0.148124591,1415.09808,,
6248,0.600788116,1461.43791,,
6253,0.277213325,1466.12862,,
6256,0.00740728,1512.44955,,
6257,0.475748144,1512.44955,,
6259,0.301411489,1512.44955,,
6266,0.097822922,2015.46981,,
6268,0.329458172,1415.09808,,
6275,0.288396773,1512.44955,,
6280,0.719760408,1466.12862,,
6283,0.43815503,1865.30931,,
6288,0.052969157,1466.12862,,
6289,0.079240423,1461.43791,,
6301,0.040062086,1466.12862,,
6308,0.167017301,2015.46981,,
6314,0.027799053,1512.44955,,
6315,0.07367267,1461.43791,,
6316,0.529300127,1466.12862,,
6317,0.534671503,1461.43791,,
6318,0.03731484,1512.44955,,
6323,0.68582667,1461.43791,,
6329,0.429242854,1415.09808,,
6336,0.150064485,1415.09808,,
6341,0.851817909,1466.12862,,
6348,0.159266666,1466.12862,,
6349,0.02984453,2015.46981,,
6365,0.024112615,1512.44955,,
6372,0.282417154,1415.09808,,
6376,0.054901457,1865.30931,,
6378,0.049616829,1415.09808,,
6379,0.839127002,1415.09808,,
6382,0.147759231,1415.09808,,
6383,0.476092427,1466.12862,,
6389,0.78226575,1461.43791,,
6390,0.030344386,1512.44955,,
6392,0.057972697,1461.43791,,
6394,0.545993997,1865.30931,,
6402,0.086775203,1865.30931,,
6404,0.407713706,1415.09808,,
6405,0.030375518,1512.44955,,
6406,0.248621941,1415.09808,,
6409,0.065077075,2015.46981,,
6410,0.18345534,1415.09808,,
6411,0.061857733,1415.09808,,
6421,0.063671721,1512.44955,,
6428,0.393831313,1415.09808,,
6429,0.361596464,1461.43791,,
6432,0.140907854,1415.09808,,
6436,0.020205266,1512.44955,,
6437,0.324191615,1415.09808,,
6438,0.279182067,1461.43791,,
6445,0.116037893,1512.44955,,
6447,0.611022607,1415.09808,,
6450,0.042249354,1512.44955,,
6462,0.153153942,1466.12862,,
6467,0.706205652,2015.46981,,
6478,0.025043241,1466.12862,,
6484,0.19030451,2015.46981,,
6492,0.368906768,1466.12862,,
6497,0.028728895,1415.09808,,
6504,0.269517993,1461.43791,,
6505,0.151191371,1512.44955,,
6513,0.636552295,1461.43791,,
6525,0.142877512,1461.43791,,
6526,0.260615482,2015.46981,,
6528,0.038840797,1466.12862,,
6540,0.011482156,1415.09808,,
6542,0.096789469,1512.44955,,
6544,0.432795615,1512.44955,,
6548,0.053648735,2015.46981,,
6552,0.215672633,2015.46981,,
6558,0.009159393,1512.44955,,
6567,0.032458099,1512.44955,,
6569,0.580138277,1415.09808,,
6572,0.122786948,1466.12862,,
6577,0.05269385,1512.44955,,
6581,0.234206116,2015.46981,,
6588,0.469358328,1512.44955,,
6591,0.681019072,1461.43791,,
6594,0.290153196,2015.46981,,
6600,0.438877006,1415.09808,,
6602,0.228109205,1466.12862,,
6604,0.084706779,1512.44955,,
6605,0.02163695,1512.44955,,
6614,0.266479362,1461.43791,,
6616,0.208401804,1865.30931,,
6621,0.461152592,1466.12862,,
6640,0.324692894,1865.30931,,
6641,0.432517395,1512.44955,,
6643,0.034977591,1512.44955,,
6644,0.151870496,1415.09808,,
6649,0.514399289,1512.44955,,
6650,0.713404073,1461.43791,,
6655,0.410538204,1512.44955,,
6661,0.020212128,1415.09808,,
6672,0.374393001,1415.09808,,
6677,0.038041091,1461.43791,,
6688,0.057333017,1466.12862,,
6689,0.073555,1415.09808,,
6691,0.044228684,1466.12862,,
6692,0.331989975,1415.09808,,
6694,0.769527198,1415.09808,,
6702,0.550120809,1512.44955,,
6714,0.048511642,1415.09808,,
6716,0.546166156,1461.43791,,
6724,0.081646571,1415.09808,,
6725,0.097281784,1461.43791,,
6730,0.21339407,1512.44955,,
6735,0.475297586,1466.12862,,
6738,0.393555484,1512.44955,,
6739,0.203951085,1512.44955,,
6743,0.249636171,1466.12862,,
6747,0.122229366,2015.46981,,
6750,0.743461549,1415.09808,,
6751,0.672669377,1466.12862,,
6753,0.494860798,1512.44955,,
6754,0.340129234,1512.44955,,
6755,0.073356239,1512.44955,,
6762,0.203652734,1415.09808,,
6764,0.081014314,1461.43791,,
6772,0.641461551,1466.12862,,
6774,0.088360443,1415.09808,,
6787,0.192053594,1512.44955,,
6789,0.029752811,1461.43791,,
6793,0.117713164,1865.30931,,
6798,0.011159917,1865.30931,,
6799,0.022261037,1466.12862,,
6800,0.075033849,1415.09808,,
6802,0.026442444,1512.44955,,
6808,0.297950968,1512.44955,,
6809,0.079101626,1512.44955,,
6812,0.0105278,1512.44955,,
6814,0.836624252,1461.43791,,
6816,0.620775169,1512.44955,,
6822,0.051939354,1512.44955,,
6829,0.365031365,1512.44955,,
6834,0.869925778,1466.12862,,
6836,0.032680286,1512.44955,,
6839,0.183602317,1461.43791,,
6840,0.562264568,1461.43791,,
6843,0.047566134,2015.46981,,
6846,0.434804499,1415.09808,,
6848,0.014687739,1865.30931,,
6852,0.076783752,1512.44955,,
6856,0.245172306,1415.09808,,
6860,0.099976652,1512.44955,,
6866,0.350640172,1415.09808,,
6870,0.486389108,1512.44955,,
6878,0.677512295,1461.43791,,
6880,0.0901636,1512.44955,,
6885,0.028321333,1466.12862,,
6897,0.06044806,1466.12862,,
6902,0.755757448,1466.12862,,
6904,0.501630222,1466.12862,,
6907,0.05971247,1466.12862,,
6909,0.199950676,2015.46981,,
6914,0.528497092,1415.09808,,
6915,0.525707531,2015.46981,,
6922,0.424491133,1466.12862,,
6924,0.137921028,1466.12862,,
6933,0.065745812,1415.09808,,
6934,0.09340582,1466.12862,,
6941,0.340573046,1415.09808,,
6957,0.189816536,1512.44955,,
6960,0.042707082,2015.46981,,
6969,0.037089288,1512.44955,,
6975,0.074331733,2015.46981,,
6980,0.704053707,1466.12862,,
6983,0.065985684,1461.43791,,
6987,0.096255944,1415.09808,,
6994,0.050286216,1461.43791,,
6997,0.00660672,1512.44955,,
7002,0.109228373,2015.46981,,
7010,0.016884276,1865.30931,,
7015,0.462373678,1415.09808,,
7019,0.271680714,1512.44955,,
7022,0.258652978,1461.43791,,
7025,0.029924161,1415.09808,,
7029,0.069807315,1512.44955,,
7031,0.152473178,1865.30931,,
7037,0.494594989,1415.09808,,
7038,0.155257438,1512.44955,,
7043,0.105234534,1415.09808,,
7049,0.059089228,1461.43791,,
7052,0.162290828,1415.09808,,
7053,0.282369307,1415.09808,,
7056,0.006586175,1512.44955,,
7057,0.584217589,1415.09808,,
7080,0.246572991,2015.46981,,
7086,0.138429931,1512.44955,,
7087,0.062057305,1512.44955,,
7105,0.461352907,1415.09808,,
7108,0.007708185,1512.44955,,
7121,0.516945603,1461.43791,,
7122,0.261746902,1415.09808,,
7125,0.492675416,1415.09808,,
7132,0.327695318,1466.12862,,
7134,0.150000183,1415.09808,,
7151,0.247466627,1461.43791,,
7152,0.661645813,1466.12862,,
7157,0.19516895,1512.44955,,
7159,0.105415603,1512.44955,,
7166,0.722192813,1415.09808,,
7167,0.098602397,1415.09808,,
7177,0.04562373,1466.12862,,
7179,0.702979779,1461.43791,,
7181,0.288052908,2015.46981,,
7183,0.088023823,2015.46981,,
7186,0.027972577,1466.12862,,
7193,0.017300479,1512.44955,,
7205,0.048906642,1512.44955,,
7207,0.026520073,1512.44955,,
7209,0.434847577,1415.09808,,
7216,0.344045849,1865.30931,,
7232,0.790051173,1415.09808,,
7235,0.116232627,1466.12862,,
7238,0.387143458,1415.09808,,
7240,0.741463012,1415.09808,,
7243,0.289719618,1415.09808,,
7252,0.348017684,2015.46981,,
7269,0.178287076,1865.30931,,
7275,0.029828403,1466.12862,,
7281,0.13915747,2015.46981,,
7283,0.04358899,1415.09808,,
7287,0.287516186,2015.46981,,
7289,0.354832256,2015.46981,,
7291,0.357353579,2015.46981,,
7294,0.030572397,1512.44955,,
7304,0.604162881,1466.12862,,
7308,0.203090221,1466.12862,,
7313,0.048067799,1466.12862,,
7319,0.486319884,1415.09808,,
7325,0.082226014,1512.44955,,
7326,0.124657487,1512.44955,,
7330,0.311811306,1415.09808,,
7332,0.013715541,1415.09808,,
7337,0.47175283,1461.43791,,
7341,0.221009631,1461.43791,,
7346,0.327275063,1461.43791,,
7353,0.522441713,1865.30931,,
7354,0.758153683,1461.43791,,
7361,0.421500065,1466.12862,,
7366,0.50426747,1865.30931,,
7368,0.034261389,1461.43791,,
7372,0.04123048,1512.44955,,
7375,0.47259217,1415.09808,,
7377,0.424806081,1415.09808,,
7380,0.110478602,1415.09808,,
7382,0.402940559,1466.12862,,
7385,0.766233079,1415.09808,,
7392,0.72150068,1461.43791,,
7395,0.043937018,1512.44955,,
7397,0.276826427,1415.09808,,
7403,0.044895519,1415.09808,,
7406,0.471200348,1461.43791,,
7409,0.572235063,1466.12862,,
7410,0.222844633,1512.44955,,
7412,0.063198992,1512.44955,,
7419,0.309533347,1512.44955,,
7425,0.116857179,1415.09808,,
7435,0.182437196,1415.09808,,
7438,0.357557239,1865.30931,,
7440,0.12828372,1865.30931,,
7447,0.124934904,1512.44955,,
7449,0.63215202,1415.09808,,
7456,0.217322389,1512.44955,,
7464,0.065155364,1512.44955,,
7478,0.092041652,2015.46981,,
7480,0.039173855,1415.09808,,
7481,0.374231599,1415.09808,,
7483,0.228438002,1461.43791,,
7484,0.173380486,1415.09808,,
7491,0.571921784,2015.46981,,
7494,0.402536965,1466.12862,,
7501,0.497054993,1466.12862,,
7503,0.770441252,1865.30931,,
7509,0.197671091,1415.09808,,
7517,0.087671378,1466.12862,,
7518,0.190980577,1415.09808,,
7519,0.260603206,2015.46981,,
7521,0.552462347,1415.09808,,
7522,0.53776284,1415.09808,,
7536,0.094408554,1865.30931,,
7539,0.014773844,1512.44955,,
7547,0.371642932,1512.44955,,
7549,0.044923615,1512.44955,,
7552,0.44259146,1512.44955,,
7554,0.290736278,2015.46981,,
7556,0.043913279,1466.12862,,
7564,0.104518287,1415.09808,,
7566,0.25193592,2015.46981,,
7570,0.365996922,1865.30931,,
7571,0.023241769,1466.12862,,
7572,0.203427544,1415.09808,,
7575,0.06552261,2015.46981,,
7586,0.087372979,1512.44955,,
7589,0.049638797,1512.44955,,
7590,0.038555463,1512.44955,,
7597,0.265706575,1415.09808,,
7602,0.018839102,1512.44955,,
7604,0.298403575,1865.30931,,
7605,0.284930915,1466.12862,,
7612,0.846240706,1466.12862,,
7615,0.082870232,1512.44955,,
7617,0.10459853,1512.44955,,
7624,0.10160553,1466.12862,,
7632,0.14974841,1512.44955,,
7639,0.317530935,1466.12862,,
7642,0.121562751,1466.12862,,
7643,0.22036583,1466.12862,,
7649,0.50864728,1466.12862,,
7650,0.417113963,1461.43791,,
7653,0.186694083,1512.44955,,
7654,0.242030616,1415.09808,,
7657,0.600679358,1415.09808,,
7662,0.244068998,1512.44955,,
7669,0.811945909,2015.46981,,
7671,0.016731373,1512.44955,,
7675,0.058113989,1512.44955,,
7678,0.177556541,1466.12862,,
7682,0.862530214,1466.12862,,
7688,0.578419133,1415.09808,,
7689,0.125876246,1865.30931,,
7690,0.055920057,1865.30931,,
7692,0.533427317,1466.12862,,
7699,0.335458965,2015.46981,,
7705,0.561732823,1466.12862,,
7712,0.227678945,1415.09808,,
7726,0.656523028,1466.12862,,
7728,0.200034669,1461.43791,,
7735,0.31424011,1415.09808,,
7737,0.686045085,1466.12862,,
7739,0.040771895,1415.09808,,
7743,0.538220641,1415.09808,,
7744,0.203221922,1415.09808,,
7746,0.278271138,1512.44955,,
7749,0.300523802,2015.46981,,
7750,0.301040348,1461.43791,,
7752,0.05301678,1461.43791,,
7755,0.113168582,1466.12862,,
7756,0.807470062,1466.12862,,
7762,0.108947096,1466.12862,,
7764,0.789080021,1461.43791,,
7769,0.103859759,1415.09808,,
7770,0.503917439,1466.12862,,
7776,0.142006602,1512.44955,,
7778,0.236528663,1512.44955,,
7784,0.515405445,1415.09808,,
7786,0.240771694,1415.09808,,
7789,0.248515276,1415.09808,,
7793,0.360936256,1415.09808,,
7794,0.037912759,1865.30931,,
7804,0.301773712,1415.09808,,
7811,0.138352698,1466.12862,,
7813,0.146611618,1865.30931,,
7815,0.277292029,1415.09808,,
7817,0.017305063,1512.44955,,
7818,0.209331623,1415.09808,,
7821,0.137375144,1512.44955,,
7825,0.039368378,1466.12862,,
7830,0.558360964,1461.43791,,
7832,0.126961036,1466.12862,,
7835,0.007586522,1512.44955,,
7839,0.197094344,1461.43791,,
7842,0.021069893,1512.44955,,
7849,0.490183169,1466.12862,,
7856,0.38638176,2015.46981,,
7857,0.003955823,1512.44955,,
7863,0.093382306,1512.44955,,
7866,0.141025554,1415.09808,,
7871,0.075414779,1512.44955,,
7875,0.607930709,1461.43791,,
7882,0.667185692,1865.30931,,
7887,0.499577287,1512.44955,,
7888,0.596955339,1512.44955,,
7891,0.902125982,1415.09808,,
7895,0.01669796,2015.46981,,
7901,0.448519455,1466.12862,,
7906,0.304148282,1415.09808,,
7908,0.856954977,1415.09808,,
7917,0.147750084,1415.09808,,
7924,0.60101548,1415.09808,,
7948,0.267330478,2015.46981,,
7950,0.75134372,1466.12862,,
7955,0.159723906,1466.12862,,
7957,0.028072935,1466.12862,,
7959,0.224992581,1466.12862,,
7967,0.042406808,1512.44955,,
7969,0.041305259,2015.46981,,
7971,0.160763743,1865.30931,,
7974,0.29032608,1865.30931,,
7976,0.060059333,1512.44955,,
7986,0.821464569,1461.43791,,
7987,0.759690109,1415.09808,,
7993,0.283612153,1512.44955,,
7996,0.494511256,1415.09808,,
7998,0.17000445,1415.09808,,
8018,0.045070571,1466.12862,,
8019,0.350612284,1865.30931,,
8027,0.016284589,1466.12862,,
8036,0.04787484,1512.44955,,
8040,0.057282874,1461.43791,,
8044,0.085008598,2015.46981,,
8050,0.040435983,1512.44955,,
8052,0.375284343,2015.46981,,
8054,0.395182634,1415.09808,,
8057,0.800395895,1461.43791,,
8058,0.168692241,1415.09808,,
8059,0.593257187,1512.44955,,
8066,0.822574133,1461.43791,,
8070,0.053728764,2015.46981,,
8072,0.38305258,1461.43791,,
8078,0.019218953,1466.12862,,
8079,0.089338738,1461.43791,,
8080,0.577800575,1461.43791,,
8081,0.148272797,1865.30931,,
8088,0.077915096,2015.46981,,
8091,0.573891601,1415.09808,,
8094,0.176314966,1512.44955,,
8095,0.709535858,1461.43791,,
8099,0.067115154,1466.12862,,
8101,0.320063761,1466.12862,,
8102,0.008628204,1415.09808,,
8116,0.52303363,1415.09808,,
8125,0.22751342,1512.44955,,
8134,0.271163533,1415.09808,,
8139,0.023028432,1512.44955,,
8141,0.100613201,2015.46981,,
8147,0.062478203,1466.12862,,
8158,0.447183247,1415.09808,,
8160,0.0519267,1466.12862,,
8165,0.417510671,1466.12862,,
8187,0.408109317,1466.12862,,
8205,0.209665637,1466.12862,,
8209,0.296832371,1865.30931,,
8211,0.275991413,1415.09808,,
8232,0.002541895,1512.44955,,
8236,0.127683222,1466.12862,,
8237,0.231764742,1466.12862,,
8238,0.789350007,1466.12862,,
8245,0.406734384,1415.09808,,
8256,0.425975796,1461.43791,,
8268,0.04067921,1512.44955,,
8269,0.017441936,1415.09808,,
8270,0.381524904,1512.44955,,
8286,0.094446967,1415.09808,,
8289,0.065247887,1512.44955,,
8301,0.40237361,1466.12862,,
8305,0.142168607,1415.09808,,
8310,0.227498577,1512.44955,,
8312,0.031167819,2015.46981,,
8318,0.864961926,1461.43791,,
8321,0.224749631,1415.09808,,
8328,0.029084076,1415.09808,,
8331,0.043547448,1415.09808,,
8334,0.40230949,1461.43791,,
8344,0.124673978,1865.30931,,
8345,0.190397015,1461.43791,,
8352,0.264615202,1512.44955,,
8358,0.4516046,1466.12862,,
8359,0.239770385,1512.44955,,
8360,0.180774945,1415.09808,,
8365,0.248870834,1865.30931,,
8366,0.138631363,1865.30931,,
8369,0.71067758,1415.09808,,
8373,0.032241185,1415.09808,,
8378,0.116804585,2015.46981,,
8392,0.141150346,1512.44955,,
8397,0.548274165,1415.09808,,
8399,0.269909941,1466.12862,,
8400,0.142239148,1512.44955,,
8405,0.442263326,1512.44955,,
8406,0.027631317,1415.09808,,
8410,0.182843844,1512.44955,,
8413,0.073643052,1512.44955,,
8414,0.253508309,1512.44955,,
8416,0.727771304,1466.12862,,
8426,0.051525185,1461.43791,,
8434,0.242102494,1415.09808,,
8439,0.085980643,1415.09808,,
8440,0.159348937,1415.09808,,
8475,0.012266424,2015.46981,,
8480,0.104978671,1461.43791,,
8497,0.287143727,1415.09808,,
8499,0.795669263,2015.46981,,
8500,0.347037988,1466.12862,,
8501,0.046625079,1512.44955,,
8502,0.514460426,1461.43791,,
8518,0.413665118,1461.43791,,
8520,0.563936402,1466.12862,,
8523,0.378522044,1512.44955,,
8525,0.112830807,2015.46981,,
8532,0.073101582,2015.46981,,
8535,0.308408522,1512.44955,,
8543,0.293101088,1415.09808,,
8554,0.26345636,1466.12862,,
8560,0.109222415,1415.09808,,
8561,0.182262264,2015.46981,,
8563,0.021933254,1512.44955,,
8566,0.857832386,1415.09808,,
8570,0.322410062,1466.12862,,
8572,0.107126243,1466.12862,,
8582,0.159513238,1466.12862,,
8583,0.311862683,1415.09808,,
8587,0.294175488,1461.43791,,
8592,0.214884186,1466.12862,,
8593,0.455744702,1415.09808,,
8607,0.022020311,1461.43791,,
8609,0.129168879,1512.44955,,
8610,0.051483328,1415.09808,,
8614,0.318837167,1415.09808,,
8616,0.448458005,1512.44955,,
8622,0.243469016,1466.12862,,
8623,0.098185168,1512.44955,,
8624,0.215600982,1512.44955,,
8633,0.129039682,1415.09808,,
8641,0.418569834,1415.09808,,
8644,0.647095427,1415.09808,,
8649,0.601520897,1466.12862,,
8653,0.137947127,1466.12862,,
8657,0.153709347,2015.46981,,
8658,0.162367823,1415.09808,,
8663,0.092173278,1415.09808,,
8672,0.656178828,1512.44955,,
8680,0.362578054,1415.09808,,
8684,0.576950259,1461.43791,,
8687,0.081356337,1461.43791,,
8688,0.032455592,1512.44955,,
8690,0.187212483,1415.09808,,
8712,0.249296155,1512.44955,,
8717,0.384924173,1415.09808,,
8730,0.033742478,1512.44955,,
8739,0.160743086,1512.44955,,
8744,0.030245843,1415.09808,,
8747,0.263256187,1415.09808,,
8748,0.36678377,1865.30931,,
8751,0.716212128,1461.43791,,
8758,0.227312057,1512.44955,,
8761,0.451602111,1466.12862,,
8763,0.006260145,1512.44955,,
8764,0.32982032,1461.43791,,
8765,0.209866402,1461.43791,,
8773,0.098295081,1415.09808,,
8780,0.123736504,1512.44955,,
8781,0.171203332,1415.09808,,
8782,0.375834303,1466.12862,,
8785,0.165126131,1865.30931,,
8786,0.152583157,1512.44955,,
8797,0.849922862,1461.43791,,
8799,0.04125191,1415.09808,,
8807,0.770960639,1466.12862,,
8816,0.050003105,1415.09808,,
8817,0.059705784,1512.44955,,
8826,0.346109855,1466.12862,,
8833,0.133029959,1865.30931,,
8834,0.054433386,2015.46981,,
8835,0.073942592,1865.30931,,
8840,0.143627363,1512.44955,,
8843,0.084203532,1865.30931,,
8849,0.266711313,1461.43791,,
8855,0.116987771,1415.09808,,
8861,0.296367839,1415.09808,,
8862,0.268964721,1512.44955,,
8865,0.26472855,2015.46981,,
8868,0.005842818,1512.44955,,
8870,0.017428946,1512.44955,,
8880,0.316407742,1415.09808,,
8885,0.054145645,1512.44955,,
8894,0.210754039,1512.44955,,
8895,0.116910155,1466.12862,,
8899,0.04217454,1512.44955,,
8912,0.288184712,1512.44955,,
8922,0.014175264,1415.09808,,
8924,0.158339136,1461.43791,,
8928,0.244254998,1466.12862,,
8932,0.315732704,1461.43791,,
8943,0.18552063,1415.09808,,
8945,0.099061235,1512.44955,,
8946,0.045790669,1415.09808,,
8954,0.342799207,1865.30931,,
8958,0.392140453,1415.09808,,
8960,0.652274209,1461.43791,,
8965,0.219486821,1461.43791,,
8966,0.034617992,1415.09808,,
8967,0.049661373,1512.44955,,
8969,0.239520953,1466.12862,,
8980,0.165425744,1415.09808,,
8984,0.021170181,1512.44955,,
8985,0.723891807,1512.44955,,
8988,0.348063116,1466.12862,,
8989,0.343542011,1466.12862,,
8995,0.057507011,1415.09808,,
9004,0.080171938,1865.30931,,
9010,0.035383241,1512.44955,,
9012,0.156772194,1466.12862,,
9018,0.469046719,1461.43791,,
9036,0.258894824,1415.09808,,
9037,0.157031923,1466.12862,,
9040,0.099801949,1512.44955,,
9041,0.245288868,1512.44955,,
9044,0.468545284,2015.46981,,
9045,0.052184303,1415.09808,,
9047,0.353726475,1415.09808,,
9049,0.019580571,1415.09808,,
9061,0.01522691,1512.44955,,
9062,0.380269621,1865.30931,,
9076,0.196814761,1461.43791,,
9079,0.305910436,1512.44955,,
9081,0.249157046,2015.46981,,
9082,0.165474386,1512.44955,,
9089,0.647183028,1415.09808,,
9092,0.241780648,2015.46981,,
9094,0.271063321,2015.46981,,
9115,0.03726366,1415.09808,,
9117,0.266921593,1415.09808,,
9118,0.190220899,1415.09808,,
9120,0.0310332,1512.44955,,
9124,0.017698621,1466.12862,,
9128,0.180816338,1512.44955,,
9135,0.374592831,1512.44955,,
9136,0.755990237,1415.09808,,
9138,0.472723812,1415.09808,,
9157,0.373277589,1415.09808,,
9176,0.057033034,1512.44955,,
9183,0.291758092,1865.30931,,
9187,0.497809338,1415.09808,,
9188,0.290089169,1461.43791,,
9190,0.128726431,1461.43791,,
9197,0.029394992,1466.12862,,
9200,0.064563629,1415.09808,,
9201,0.196046101,1415.09808,,
9203,0.021414597,1512.44955,,
9212,0.440441125,1415.09808,,
9213,0.070003392,1512.44955,,
9214,0.095574649,1415.09808,,
9217,0.275812319,1415.09808,,
9219,0.005437019,1512.44955,,
9220,0.274795384,1415.09808,,
9221,0.112133963,1512.44955,,
9237,0.013381891,1415.09808,,
9240,0.14047069,1512.44955,,
9241,0.007314574,1512.44955,,
9248,0.229480858,1512.44955,,
9253,0.469486642,1512.44955,,
9259,0.568301751,2015.46981,,
9267,0.123781276,2015.46981,,
9271,0.465690125,1461.43791,,
9273,0.251787571,1461.43791,,
9285,0.019874867,1512.44955,,
9290,0.153800632,1865.30931,,
9291,0.122879098,1466.12862,,
9293,0.061229685,1461.43791,,
9294,0.06986482,1865.30931,,
9301,0.089126813,1512.44955,,
9302,0.04091353,1415.09808,,
9312,0.013106258,1461.43791,,
9316,0.336262989,1415.09808,,
9319,0.611170064,1461.43791,,
9328,0.068043189,1865.30931,,
9331,0.859852514,1461.43791,,
9338,0.03816074,1466.12862,,
9350,0.362435712,1865.30931,,
9356,0.147156415,1865.30931,,
9359,0.559657713,1415.09808,,
9362,0.450455915,1865.30931,,
9364,0.119420091,1865.30931,,
9370,0.393268944,1466.12862,,
9380,0.105005141,1466.12862,,
9386,0.15322186,1415.09808,,
9394,0.280461196,1461.43791,,
9407,0.23918229,1466.12862,,
9411,0.703333873,1461.43791,,
9422,0.445627977,1865.30931,,
9423,0.330392687,1461.43791,,
9429,0.299169139,1415.09808,,
9433,0.195250504,1512.44955,,
9439,0.019312995,1512.44955,,
9451,0.155198702,1415.09808,,
9452,0.394824229,1415.09808,,
9453,0.013009111,1512.44955,,
9460,0.019779387,1512.44955,,
9465,0.030326281,1466.12862,,
9470,0.044999011,1415.09808,,
9476,0.517062495,1461.43791,,
9485,0.649232136,1512.44955,,
9486,0.058806738,1466.12862,,
9488,0.285675151,1466.12862,,
9507,0.007025691,1466.12862,,
9508,0.376608529,1512.44955,,
9517,0.298626451,1466.12862,,
9521,0.117743952,1415.09808,,
9528,0.122047329,1461.43791,,
9532,0.417908996,1466.12862,,
9536,0.164972057,2015.46981,,
9540,0.111149104,1461.43791,,
9542,0.129848032,1512.44955,,
9546,0.195027477,1865.30931,,
9548,0.278598222,1461.43791,,
9549,0.131117406,1466.12862,,
9554,0.093713379,1466.12862,,
9555,0.369251517,1466.12862,,
9558,0.016208272,1512.44955,,
9573,0.67929392,1415.09808,,
9575,0.410101255,1512.44955,,
9584,0.684138487,1865.30931,,
9586,0.102380811,1461.43791,,
9588,0.106817976,1466.12862,,
9591,0.370892055,2015.46981,,
9592,0.690811212,1415.09808,,
9597,0.488547586,1466.12862,,
9600,0.101276013,1512.44955,,
9603,0.508624775,1415.09808,,
9605,0.336582405,1415.09808,,
9614,0.694972462,1461.43791,,
9616,0.013940686,1512.44955,,
9622,0.650280543,1466.12862,,
9624,0.159048184,1466.12862,,
9629,0.423537841,1512.44955,,
9633,0.045818449,1466.12862,,
9640,0.297971299,1461.43791,,
9644,0.427134497,1415.09808,,
9645,0.4900468,1466.12862,,
9646,0.081688129,1512.44955,,
9648,0.962310578,1461.43791,,
9649,0.038407163,1512.44955,,
9660,0.199049567,2015.46981,,
9664,0.417269829,1512.44955,,
9675,0.04627634,1512.44955,,
9679,0.72747175,1415.09808,,
9680,0.413682779,2015.46981,,
9682,0.058300824,1512.44955,,
9697,0.018569009,1415.09808,,
9701,0.185305601,1865.30931,,
9704,0.421347557,1415.09808,,
9705,0.233063171,1461.43791,,
9707,0.244443007,1415.09808,,
9714,0.046006623,1461.43791,,
9718,0.134153728,1415.09808,,
9722,0.11544,1512.44955,,
9739,0.11572264,1512.44955,,
9747,0.727453575,1415.09808,,
9751,0.208267856,1461.43791,,
9757,0.096769574,1415.09808,,
9759,0.016998736,1415.09808,,
9760,0.083170445,1461.43791,,
9764,0.652078416,1512.44955,,
9776,0.38042181,1415.09808,,
9778,0.209565367,1415.09808,,
9786,0.077491328,1415.09808,,
9803,0.610140744,1461.43791,,
9804,0.079531709,1461.43791,,
9815,0.048089349,1415.09808,,
9824,0.012073483,2015.46981,,
9825,0.150435287,1512.44955,,
9826,0.299626043,2015.46981,,
9827,0.028071502,1415.09808,,
9833,0.052428709,1466.12862,,
9835,0.043624414,1415.09808,,
9860,0.460197352,1415.09808,,
9865,0.236111236,2015.46981,,
9871,0.289039484,2015.46981,,
9874,0.293605778,1466.12862,,
9880,0.226101098,1466.12862,,
9882,0.376117517,2015.46981,,
9885,0.054831184,1512.44955,,
9888,0.687291686,1512.44955,,
9892,0.037261105,1415.09808,,
9893,0.285809836,1512.44955,,
9896,0.367695247,1512.44955,,
9902,0.075894628,1512.44955,,
9906,0.129642724,1461.43791,,
9910,0.21666557,1415.09808,,
9914,0.304087219,1461.43791,,
9918,0.487291244,1415.09808,,
9920,0.225491679,1466.12862,,
9926,0.333987026,1512.44955,,
9931,0.048990679,1466.12862,,
9935,0.393184663,2015.46981,,
9945,0.897473201,1415.09808,,
9953,0.257544809,1415.09808,,
9957,0.008605869,1512.44955,,
9963,0.10488673,1865.30931,,
9972,0.31105269,1415.09808,,
9976,0.466536659,2015.46981,,
9979,0.362504725,1512.44955,,
9980,0.030297432,1865.30931,,
9982,0.06698852,2015.46981,,
9991,0.681281962,1415.09808,,
10000,0.232226522,1415.09808,,
10003,0.287596147,1415.09808,,
10005,0.890212741,1466.12862,,
10014,0.029439603,1415.09808,,
10032,0.303436734,1512.44955,,
10034,0.381165827,1466.12862,,
10041,0.014241343,1466.12862,,
10042,0.031252562,1415.09808,,
10044,0.065231378,1415.09808,,
10045,0.2460164,1415.09808,,
10054,0.482242726,1415.09808,,
10061,0.123012797,1512.44955,,
10062,0.576128475,1415.09808,,
10073,0.109207425,1466.12862,,
10081,0.025392568,1415.09808,,
10084,0.441137685,1415.09808,,
10086,0.17118182,2015.46981,,
10093,0.345648435,1466.12862,,
10101,0.56553612,1415.09808,,
10105,0.22556933,1865.30931,,
10110,0.455857883,1415.09808,,
10113,0.668951848,2015.46981,,
10115,0.657340944,1415.09808,,
10119,0.573947461,1466.12862,,
10121,0.410956974,1415.09808,,
10124,0.839923849,1461.43791,,
10126,0.203842296,1512.44955,,
10127,0.019978343,2015.46981,,
10145,0.167854932,1415.09808,,
10147,0.63342631,1461.43791,,
10148,0.014338595,1466.12862,,
10162,0.357423911,1512.44955,,
10163,0.020718527,1865.30931,,
10166,0.803950636,1415.09808,,
10172,0.067063404,1512.44955,,
10173,0.387453257,1466.12862,,
10175,0.021951555,1415.09808,,
10180,0.147868265,1461.43791,,
10186,0.021926486,1466.12862,,
10192,0.331769379,1415.09808,,
10199,0.370569511,1512.44955,,
10209,0.928556493,1466.12862,,
10210,0.189390793,1415.09808,,
10214,0.043053219,1512.44955,,
10215,0.252669251,1512.44955,,
10216,0.710108504,1415.09808,,
10232,0.349602372,1512.44955,,
10239,0.276789634,1512.44955,,
10249,0.034377893,1461.43791,,
10253,0.635596617,1512.44955,,
10255,0.133712119,2015.46981,,
10262,0.066421018,1865.30931,,
10264,0.028330879,1415.09808,,
10266,0.167206125,1865.30931,,
10268,0.192121528,2015.46981,,
10271,0.131335804,1415.09808,,
10272,0.213336499,1415.09808,,
10276,0.454372718,1415.09808,,
10277,0.015338189,1512.44955,,
10279,0.440700393,1461.43791,,
10281,0.014943252,1512.44955,,
10285,0.007629401,1461.43791,,
10294,0.261744615,2015.46981,,
10300,0.113815762,1415.09808,,
